repo_full_name,observed_role,prior_memory_role,proposed_authority_role,overlap_class,canonical_owner_candidate,supporting_services,confidence,next_action,notes
SocioProphet/tritfabric,"Active TritFabric/Atlas implementation repo with Serve router/autoscaler, Network Atlas catalog, community learning, promotion contracts, validators, tests, and readiness docs","Recovered Atlas/TritFabric/Community/Serve work absorption target","Canonical implementation and immediate contract authority for recovered TritFabric/Atlas fabric lineage","fabric-runtime-governance; atlas-lineage; serve-plane; catalog-intake",SocioProphet/tritfabric,"svc.platform.compute-mesh; svc.product.model-training; svc.platform.protocol-contract; svc.platform.cybernetic-governance",high,"Pin/propagate TritFabric authority in service-register follow-on entries; do not duplicate implementation in SocioSphere","SocioSphere ledger states TritFabric owns implementation and immediate contract surfaces; SocioSphere records estate absorption and follow-on coordination."
SocioProphet/atlas_master_bundle_complete,"Tiny Atlas bundle repo; size 13; no recent PR history surfaced","Atlas integration plane; reference/archive/incubation","Reference/incubation artifact, not live authority","atlas-reference; historical-bundle",SocioProphet/tritfabric,"svc.product.model-training",medium,"Inspect file contents before archive/merge decision; extract any unique vocabulary into TritFabric or ontology if needed","Keep as supporting until diff proves no unique material remains."
SocioProphet/atlas_master_bundle_autopilot_fullorchestration,"Tiny Atlas autopilot bundle repo; size 14; no recent PR history surfaced","Atlas integration plane; reference/archive/incubation","Reference/incubation artifact, not live orchestration authority","atlas-reference; orchestration-scaffold",SocioProphet/tritfabric,"svc.product.model-training; svc.platform.compute-mesh",medium,"Inspect for unique orchestration plans; migrate only non-duplicated material into TritFabric or AgentPlane backlog","Do not treat as canonical orchestrator without evidence."
SocioProphet/atlas_os_service_full,"Near-empty Atlas service repo; size 1; no recent PR history surfaced","Atlas OS service scaffold/reference","Reference/incubation artifact, likely archive candidate after inspection","atlas-reference; service-scaffold",SocioProphet/tritfabric,"svc.product.model-training",medium,"Perform file-level inspection; if no unique contracts exist, mark archive/retire candidate","Likely not a live service authority."
SocioProphet/prophet-platform-fabric-mlops-ts-suite,"Active MLOps pack repo; recent PRs for TritFabric-aligned decision world signal packs, SHIR chain, semantic leakage, and SHIR-to-PyG projection","Downstream deployment/MLOps/time-series suite lane","Canonical downstream MLOps/pack lane, not root fabric authority","mlops-pack; graph-ml-projection; semantic-leakage; deployment-pack",SocioProphet/prophet-platform-fabric-mlops-ts-suite,"svc.product.model-training; svc.platform.compute-mesh; svc.platform.ontology-semantics",high,"Align pack manifests with SHIR/semantic-serdes and TritFabric; avoid absorbing SourceOS carry authority","Fabric/MLOps consumes fabric and SHIR contracts; it should not own carry authorization or runtime policy."
SocioProphet/semantic-serdes,"SHIR SerDes repo; owns schemas, examples, validation contracts, manifests; explicitly leaves compilers/trainers to downstream MLOps/runtime repos","SHIR and semantic interchange/projection substrate","Canonical semantic serialization and SHIR projection authority","semantic-serdes; SHIR; projection-loss; semantic-leakage; receipts",SocioProphet/semantic-serdes,"svc.platform.ontology-semantics; svc.product.model-training; svc.platform.protocol-contract",high,"Ensure Fabric/MLOps packs reference SHIR schemas and projection-loss receipts; coordinate ontology promotion with Ontogenesis","SHIR slice covers CandidateAssertion -> LinkageCandidate -> Assertion -> ProjectionLossReport -> Receipt."
SocioProphet/ontogenesis,"Substantive ontology repo; size 1271; linked by SHIR SerDes ontology contract","Ontology and schema-to-law compiler authority","Canonical ontology and semantic-law authority for stabilized vocabularies","ontology; SHACL; semantic-law; vocabulary-promotion",SocioProphet/ontogenesis,"svc.platform.ontology-semantics; svc.platform.cybernetic-governance",medium-high,"Promote only stabilized TritFabric/SHIR vocabularies after schemas settle","TritFabric ledger names Ontogenesis as follow-on plane for community/model calculus/framework catalog semantics."
SourceOS-Linux/sourceos-model-carry,"Large SourceOS carry repo; size 1882; owns carry-only contracts for service refs, launch profiles, cache policy, evidence expectations; explicitly not authorization or runtime","SourceOS local carry/reference/provenance contract authority","Canonical SourceOS model carry/reference authority","model-carry; local-reference; provenance; non-authorization-boundary",SourceOS-Linux/sourceos-model-carry,"svc.substrate.local-runtime; svc.platform.model-governance; svc.product.model-training",high,"Keep separate from Fabric/MLOps and TritFabric; link to sourceos-spec, agent-machine, model-router, model-governance-ledger, policy-fabric","Boundary docs state model-carry does not authorize prompt egress, network, tool use, download, training, promotion, or lifecycle mutation."
SourceOS-Linux/sourceos-spec,"Substantive SourceOS typed-contract repo; size 1014; search shows agent-machine/model-carry catalog and semantic overlays","Typed SourceOS projection authority","Canonical SourceOS typed projection/schema authority","sourceos-contracts; typed-projection; semantic-overlay",SourceOS-Linux/sourceos-spec,"svc.substrate.image-build; svc.substrate.local-runtime; svc.substrate.agent-machine",high,"Ensure SourceOSModelCarryRef, InferenceProvider, ModelResidency, PlacementFact, and AgentMachineReceipt are indexed as typed projections","Model-carry should reference sourceos-spec for schema authority where applicable."
SourceOS-Linux/agent-machine,"Active local runtime repo; size 468; search shows RuntimeInstallReceipt, AgentRegistryGrant, runtime package, activation, validation scripts, and trust surface","Local runtime / inference provider / residency / placement / receipt authority","Canonical local runtime and runtime-receipt authority","local-runtime; runtime-install; agent-registry; activation; receipts",SourceOS-Linux/agent-machine,"svc.substrate.agent-machine; svc.platform.compute-mesh; svc.platform.agent-runtime",high,"Keep runtime execution separate from sourceos-model-carry; link runtime receipt contracts to AgentPlane evidence surfaces","Agent-machine owns local runtime facts; carry refs are inputs, not runtime execution or authorization."
SocioProphet/agentplane,"Large active execution/control-plane repo; size 1068; recent PRs include SandboxRun, SourceOSInteractionEvent evidence bindings, WallGuard collaboration admission receipts, PROMETHEUS SR gate policy","Execution control plane / validation / evidence / replay authority","Canonical agent execution and evidence-control authority","agent-runtime; sandbox-run; evidence-binding; validation",SocioProphet/agentplane,"svc.platform.agent-runtime; svc.platform.evidence-ledger; svc.platform.compute-mesh",high,"Consume SourceOS/AgentMachine receipts; coordinate Fabric runtime evidence and policy admission","AgentPlane should not become model lifecycle or carry-reference authority."
SocioProphet/model-router,"Active routing repo; size 132; recent PRs include environment-state routing posture, price-aware routing workflow, task-class route fixtures, routing decision examples","Runtime routing decision authority","Canonical model routing decision authority","routing; route-fixture; price-aware-routing; task-class-routing",SocioProphet/model-router,"svc.platform.model-governance; svc.product.model-training",high,"Ensure model-carry refs point to router profiles without making carry refs route decisions","Model-carry boundary states model router owns routing decisions."
SocioProphet/model-governance-ledger,"Governance/evidence repo; size 79; recent PRs include TrustOps receipt ledger, governance checks, model/action evidence, PersonalTuningContract governance, release dry-run artifacts","Model lifecycle / promotion / consent / revocation evidence authority","Canonical model lifecycle and governance evidence authority","model-governance; lifecycle; promotion; consent; receipts",SocioProphet/model-governance-ledger,"svc.platform.model-governance; svc.platform.evidence-ledger",high,"Keep lifecycle/promotion outside sourceos-model-carry and Fabric/MLOps packs; require evidence records for promotion","Model-carry boundary names model governance ledger as lifecycle/tuning/promotion/consent/revocation evidence authority."
SocioProphet/policy-fabric,"Large policy repo; size 968; recent PRs include workspace context, WallGuard, governed action policy decisions, constitutional policy engine","Policy admission / egress / tool-use / compliance gate authority","Canonical policy and authorization/admission authority","policy-admission; egress; tool-use; governed-action; constitutional-policy",SocioProphet/policy-fabric,"svc.platform.policy-guardrail; svc.platform.cybernetic-governance",high,"Ensure carry profiles never imply authorization; route prompt egress/network/tool-use through Policy Fabric","Model-carry boundary explicitly assigns prompt egress, network, and tool-use admission to Policy Fabric."
SocioProphet/guardrail-fabric,"Guardrail repo; size 244; governance/policy support surface","Guardrail enforcement and policy support","Supporting guardrail/admissibility fabric, not model-carry or MLOps authority","guardrail; policy-support; admissibility",SocioProphet/guardrail-fabric,"svc.platform.policy-guardrail; svc.product.scope-d",medium,"Inspect for overlap with Policy Fabric before assigning hard authority","Keep as guardrail support until exact contract boundaries are inspected."
SociOS-Linux/embeddinglab,"Tiny lab repo; size 10; no recent PR history surfaced","Lab execution/proving surface","Lab placeholder / future execution surface","lab-placeholder; embedding-execution",SociOS-Linux/embeddinglab,"svc.managed.labs; svc.product.model-training",medium,"Do not assign policy, lifecycle, or fabric authority; inspect before retirement or expansion","May consume Fabric/MLOps packs but should not own canonical contracts."
SociOS-Linux/graphlab,"Empty lab repo; size 0; no recent PR history surfaced","Graph lab execution/proving surface","Empty placeholder / archive-or-seed candidate","lab-placeholder; graph-execution",SociOS-Linux/graphlab,"svc.managed.labs; svc.product.model-training",medium,"Either seed with SHIR/PyG lab contract or mark archive candidate after confirmation","Should not own SHIR semantics; semantic-serdes owns SHIR."
SociOS-Linux/nlplab,"Tiny lab repo; size 7; no recent PR history surfaced","NLP lab execution/proving surface","Lab placeholder / future NLP execution surface","lab-placeholder; nlp-execution",SociOS-Linux/nlplab,"svc.managed.labs; svc.product.model-training",medium,"Inspect before assigning any execution responsibility; likely consumer of Fabric/MLOps packs","Should not own semantic serialization or model lifecycle."
SociOS-Linux/speechlab,"Non-trivial lab repo; size 158; no recent PR history surfaced here","Audio/speech lab and transcript provenance surface","Speech/audio lab surface requiring separate inspection","speech-lab; transcript-provenance; audio-review",SociOS-Linux/speechlab,"svc.managed.labs; svc.product.academy; svc.platform.ontology-semantics",medium-high,"Inspect separately; do not collapse into tiny lab placeholder class","Potentially stronger than embeddinglab/graphlab/nlplab based on repo size and prior service-register role."
